{"cameraMode":{"drawMode":0,"name":"Shaded","section":"Shading Mode"},"sceneLighting":false,"audioPlay":false,"sceneViewState":{"m_AlwaysRefresh":false,"showFog":true,"showSkybox":true,"showFlares":true,"showImageEffects":true,"showParticleSystems":true,"showVisualEffectGraphs":true,"m_FxEnabled":true},"in2DMode":false,"pivot":{"x":1.2682456970214844,"y":-1.6160550117492676,"z":2.5761842727661135},"rotation":{"x":0.19870196282863618,"y":0.3154393434524536,"z":-0.06774198263883591,"w":0.9254558086395264},"size":5.669780731201172,"orthographic":false}