{"cameraMode":{"drawMode":0,"name":"Shaded","section":"Shading Mode"},"sceneLighting":false,"audioPlay":false,"sceneViewState":{"m_AlwaysRefresh":false,"showFog":true,"showSkybox":false,"showFlares":true,"showImageEffects":true,"showParticleSystems":true,"showVisualEffectGraphs":true,"m_FxEnabled":true},"in2DMode":false,"pivot":{"x":335.47601318359377,"y":531.1972045898438,"z":-32.4271240234375},"rotation":{"x":0.016489362344145776,"y":-0.034488972276449206,"z":0.0005691643455065787,"w":0.9992712140083313},"size":564.1932373046875,"orthographic":false}