{"cameraMode":{"drawMode":0,"name":"Shaded","section":"Shading Mode"},"sceneLighting":false,"audioPlay":false,"sceneViewState":{"m_AlwaysRefresh":false,"showFog":true,"showSkybox":true,"showFlares":true,"showImageEffects":true,"showParticleSystems":true,"showVisualEffectGraphs":true,"m_FxEnabled":true},"in2DMode":false,"pivot":{"x":-190.334228515625,"y":426.42938232421877,"z":218.08721923828126},"rotation":{"x":-0.08192682266235352,"y":0.10801918804645539,"z":-0.008914480917155743,"w":-0.9907597899436951},"size":911.9904174804688,"orthographic":false}