{"cameraMode":{"drawMode":0,"name":"Shaded","section":"Shading Mode"},"sceneLighting":false,"audioPlay":false,"sceneViewState":{"m_AlwaysRefresh":false,"showFog":true,"showSkybox":false,"showFlares":true,"showImageEffects":true,"showParticleSystems":true,"showVisualEffectGraphs":true,"m_FxEnabled":true},"in2DMode":false,"pivot":{"x":-3.409719944000244,"y":3.1019396781921388,"z":83.7241439819336},"rotation":{"x":0.06744690984487534,"y":0.007482838351279497,"z":-0.0005058630486018956,"w":0.9976953268051148},"size":3.797534704208374,"orthographic":true}